Symbol,Date,High,Low,Open,Close,Volume
SOL,2020-04-11,1.04907270025,0.765020356128,0.95105395758,0.776818582977,43862443.7931816
SOL,2020-04-12,0.956669837035,0.762426200135,0.785447714185,0.882506928259,38736897.0186422
SOL,2020-04-13,0.891602782787,0.773976306644,0.890759612431,0.777831565037,18211285.4666889
SOL,2020-04-14,0.796472356866,0.628169430018,0.777831565037,0.661924824696,16747614.1218552
SOL,2020-04-15,0.704963548631,0.62153145556,0.669289149224,0.646650901989,13075275.285934
SOL,2020-04-16,0.774192228467,0.625107412535,0.630878816101,0.690815875441,21346031.3456645
SOL,2020-04-17,0.719613782417,0.660727970818,0.689312454191,0.660727970818,9870810.00168021
SOL,2020-04-18,0.717618209437,0.659427087306,0.660727970818,0.681096334559,9782111.900077
SOL,2020-04-19,0.68464132719,0.598486993213,0.681515884453,0.606969175324,9289670.37817109
SOL,2020-04-20,0.639253715698,0.52057781675,0.612947581488,0.538812129578,8342616.4207554
SOL,2020-04-21,0.604586042345,0.508548999936,0.541386709626,0.587659155744,9711507.44842345
SOL,2020-04-22,0.706963640285,0.569620792668,0.581166089846,0.691600915883,18828399.5228331
SOL,2020-04-23,0.698077000278,0.600321839105,0.685347169644,0.627457179792,13485271.0516431
SOL,2020-04-24,0.671020012488,0.613941111404,0.624021171859,0.634242220589,9064190.2668448
SOL,2020-04-25,0.670948281702,0.621547407359,0.630528058118,0.643329301446,7311904.72226874
SOL,2020-04-26,0.691499391682,0.631170580099,0.653215035281,0.635506343577,8320760.35681435
SOL,2020-04-27,0.660282639688,0.561027523835,0.635713806985,0.572371895062,7406934.10853669
SOL,2020-04-28,0.692147510505,0.568483717999,0.578252730451,0.661292515173,7470201.22321632
SOL,2020-04-29,0.777771293054,0.655273716711,0.662285637918,0.74584040982,8801144.47969972
SOL,2020-04-30,0.800816479295,0.68788052508,0.747194537125,0.691045421015,5016891.64140768
SOL,2020-05-01,0.737071288473,0.685902703146,0.691045421015,0.728793969447,4164272.07175221
SOL,2020-05-02,0.748980798928,0.707903537269,0.727267603533,0.715876411879,3441355.73678965
SOL,2020-05-03,0.729800516197,0.656615622562,0.714795753656,0.679534571126,3328343.6073183
SOL,2020-05-04,0.70581247046,0.618433606439,0.679625171586,0.667490770432,3443697.81828111
SOL,2020-05-05,0.686214207407,0.626498811322,0.673440456927,0.641837362998,2847469.34149937
SOL,2020-05-06,0.673890820131,0.622583598868,0.64245418812,0.622583598868,2677562.97435084
SOL,2020-05-07,0.632267767367,0.573375617006,0.622583598868,0.612977957268,3355830.23580211
SOL,2020-05-08,0.63661836817,0.589851786122,0.612977957268,0.604922121097,2488194.57299153
SOL,2020-05-09,0.625429237134,0.588447830009,0.604041500539,0.604527391264,2128502.76121917
SOL,2020-05-10,0.612303182662,0.513080872906,0.604460730044,0.53703391162,2327580.79632425
SOL,2020-05-11,0.571860148065,0.505193636791,0.536255006521,0.515272785293,2098480.82876321
SOL,2020-05-12,0.55975856915,0.505251193842,0.513390527877,0.538575650335,2198624.8775544
SOL,2020-05-13,0.5648742321,0.518038300363,0.538371569664,0.550531657365,2326445.52977927
SOL,2020-05-14,0.580945682126,0.550109683982,0.550531657365,0.569117610116,2047896.7931676
SOL,2020-05-15,0.574619594633,0.54709314207,0.56919335721,0.559752024505,1850070.45437919
SOL,2020-05-16,0.606534222021,0.554360781043,0.558980888499,0.599120273328,2300409.14570367
SOL,2020-05-17,0.640195873474,0.589175125186,0.595228279888,0.612988807183,2936428.44886882
SOL,2020-05-18,0.674393485511,0.609649042534,0.612682412645,0.652670169702,3314358.53130945
SOL,2020-05-19,0.65448036891,0.61124810944,0.650974360151,0.624454265112,2380263.04324887
SOL,2020-05-20,0.626655820897,0.575282652404,0.622475105037,0.579155667218,2302926.39702093
SOL,2020-05-21,0.613789325099,0.543345618393,0.579691536981,0.608915324064,2863016.80167901
SOL,2020-05-22,0.676431960943,0.582829718276,0.605238714933,0.638875070548,3411419.38179332
SOL,2020-05-23,0.638848874061,0.58824731869,0.637414621895,0.613031410499,2638523.84936932
SOL,2020-05-24,0.613288867401,0.548431875411,0.613288867401,0.549053085284,2786816.20172933
SOL,2020-05-25,0.650137993099,0.538063657924,0.548570201373,0.600857275438,4509580.33947343
SOL,2020-05-26,0.612353062014,0.566463215148,0.59910434994,0.573306660293,2689697.32362274
SOL,2020-05-27,0.611086848399,0.571443419824,0.573306660293,0.590984626967,2536915.55918301
SOL,2020-05-28,0.592397679833,0.566947776295,0.590883626945,0.57515546338,2662787.87087333
SOL,2020-05-29,0.593405202433,0.56685841658,0.574698779564,0.579415408223,2066857.45404741
SOL,2020-05-30,0.602489267522,0.567050101707,0.581355069208,0.587932797998,2449094.83912943
SOL,2020-05-31,0.593997496664,0.569244662492,0.587902737594,0.570022020054,1892967.09044357
SOL,2020-06-01,0.58783888873,0.567347938128,0.573472359794,0.577495156711,2159877.15931313
SOL,2020-06-02,0.589724657245,0.552294366376,0.577142178709,0.56466943316,1295757.46418593
SOL,2020-06-03,0.59102516796,0.564461229977,0.56466943316,0.586620621665,877446.184522142
SOL,2020-06-04,0.591640038944,0.564517551613,0.586867254127,0.587299493452,901641.251808101
SOL,2020-06-05,0.698279296472,0.577925164457,0.587299493452,0.66115464236,4322091.65471632
SOL,2020-06-06,0.66161878907,0.611780567274,0.661071494785,0.622442695244,1604055.15722887
SOL,2020-06-07,0.624443861894,0.593397963425,0.622442695244,0.616577854377,716785.469365787
SOL,2020-06-08,0.679001399937,0.613310186531,0.615077959978,0.668313065708,1440233.8242528
SOL,2020-06-09,0.668088172596,0.627242314833,0.66778423457,0.658002498205,988327.438893434
SOL,2020-06-10,0.6700430922,0.633404261063,0.658038317013,0.644866658992,1096203.32551522
SOL,2020-06-11,0.650534979007,0.570082493458,0.644888410942,0.573741595726,1122221.18826251
SOL,2020-06-12,0.604653248066,0.569920400668,0.574058799071,0.593868974009,940323.239000038
SOL,2020-06-13,0.611439213256,0.585485460723,0.593947639042,0.608943286609,764756.553388664
SOL,2020-06-14,0.618258433941,0.580899434377,0.610926627118,0.587076584953,873415.751115423
SOL,2020-06-15,0.591897430283,0.547286993406,0.588372951939,0.570639136151,942666.189719777
SOL,2020-06-16,0.589828344671,0.568689096218,0.570578694829,0.58557626277,652020.104651764
SOL,2020-06-17,0.590128890668,0.565116816879,0.585496727656,0.581561970806,673274.193458797
SOL,2020-06-18,0.650308613252,0.579285208673,0.581582391057,0.620956096312,1349341.26909908
SOL,2020-06-19,0.836398481391,0.620383816305,0.62240659565,0.684331738563,6577470.95547564
SOL,2020-06-20,0.688583471859,0.625625721953,0.682522764479,0.643591290368,1714405.29578048
SOL,2020-06-21,0.748541584115,0.636880364182,0.64613451067,0.67314920063,2238347.1863849
SOL,2020-06-22,0.743113096168,0.645877388262,0.672577376106,0.726847851963,1620387.87401448
SOL,2020-06-23,0.760632726054,0.700711973595,0.726772689327,0.708296754877,1327340.25336353
SOL,2020-06-24,0.80069160261,0.693501096515,0.708529727823,0.736993876923,2769053.65582756
SOL,2020-06-25,0.75670464737,0.69924039905,0.737099871932,0.713193588341,1751581.2295456
SOL,2020-06-26,0.751991938279,0.681531945226,0.712531268297,0.741144336305,1664662.318395
SOL,2020-06-27,0.752211394817,0.675838228985,0.739596862542,0.713548036244,1681428.02669551
SOL,2020-06-28,0.843976500665,0.687094919406,0.713548036244,0.798495268854,3412582.28723085
SOL,2020-06-29,0.885339207046,0.770008603117,0.798495268854,0.852454240319,2147790.97814405
SOL,2020-06-30,1.02917629719,0.850103876016,0.853022445953,0.860093981011,3887548.37229807
SOL,2020-07-01,0.9017150754,0.820926518746,0.863363963794,0.832641570072,1772559.84133893
SOL,2020-07-02,0.837126639543,0.753667578226,0.832115967202,0.78021901831,1749581.47684417
SOL,2020-07-03,0.786034988586,0.755112879567,0.782035734397,0.768093046309,1144958.29683634
SOL,2020-07-04,0.82315514027,0.761450763631,0.767940953547,0.7803716825,1644301.45065498
SOL,2020-07-05,0.7855474402,0.642635456,0.780101225611,0.691663563023,3799016.31678145
SOL,2020-07-06,0.721045541194,0.686580404858,0.691663563023,0.707908010158,1120773.259312
SOL,2020-07-07,0.780892667097,0.701921604165,0.707857857487,0.753047992993,1700040.66085723
SOL,2020-07-08,0.827522889896,0.743411482304,0.753047992993,0.796713400012,2220222.72711344
SOL,2020-07-09,0.882357720133,0.75990571644,0.794017971565,0.853453047328,2668723.50625663
SOL,2020-07-10,0.939629429073,0.842849804524,0.853303723787,0.913559592712,1856094.87383758
SOL,2020-07-11,0.92634730137,0.859094947025,0.913559592712,0.924624245478,1788814.0647145
SOL,2020-07-12,1.13097821246,0.914117106349,0.92385606339,1.01671595852,4693370.50719829
SOL,2020-07-13,1.28766254036,1.00888432901,1.01671595852,1.17573410198,4062068.74661056
SOL,2020-07-14,1.2460057862,1.11916616563,1.17247561888,1.14807454207,2213135.15016517
SOL,2020-07-15,1.39683470534,1.14145755742,1.14752327979,1.28959809685,3355229.32708245
SOL,2020-07-16,1.37496707747,0.855043722577,1.28403887818,0.872441377367,7486567.81431637
SOL,2020-07-17,1.04684187853,0.801884427325,0.870761094191,0.977837416041,8973774.36468872
SOL,2020-07-18,1.00071624924,0.931726289601,0.977515448127,0.966583495614,2923007.17734355
SOL,2020-07-19,0.97035414737,0.899515435903,0.968004089172,0.920349487609,2206671.01567458
SOL,2020-07-20,0.921583894741,0.851877880062,0.920515196824,0.87308942899,3036870.91981545
SOL,2020-07-21,1.00825365156,0.860315868753,0.872927986494,0.977165717243,4299502.33510521
SOL,2020-07-22,1.10470350891,0.972484753345,0.977197956096,1.04408725245,5295001.98436419
SOL,2020-07-23,1.10121768001,0.997394084818,1.04615500925,1.04984357893,2970423.1250175
SOL,2020-07-24,1.05395367081,0.974779709349,1.04984357893,0.995345503195,1991763.30860784
SOL,2020-07-25,1.43274047406,0.995397297974,0.995440475816,1.25222285418,9978279.43748358
SOL,2020-07-26,1.62464801207,1.23828328849,1.24472812927,1.5651096946,10463129.600325
SOL,2020-07-27,2.04273954159,1.56108693478,1.56509785048,1.77863550182,32838354.7073633
SOL,2020-07-28,1.85867216855,1.61176862419,1.78411050855,1.78406723276,9692632.1660337
SOL,2020-07-29,2.09562226208,1.59316648672,1.78566194741,1.65828948188,10348944.5267619
SOL,2020-07-30,1.79644907564,1.6357119142,1.65828948188,1.68680710334,5222980.07636029
SOL,2020-07-31,1.68848814417,1.51040494945,1.68680710334,1.53817765536,4822046.26693321
SOL,2020-08-01,1.66222891669,1.49887205013,1.53275891754,1.52660964025,4589882.24595131
SOL,2020-08-02,1.74682282201,1.41197290179,1.52990978778,1.74281034979,7216576.38811606
SOL,2020-08-03,1.83003434295,1.66872588204,1.73229008343,1.80261098364,5836036.43502209
SOL,2020-08-04,1.94987535907,1.79498420077,1.80001201619,1.87163885812,5495664.99847303
SOL,2020-08-05,1.88812222154,1.70950898919,1.8707357761,1.75454981586,5405764.40284623
SOL,2020-08-06,2.22800308367,1.74678344038,1.75454981586,2.20634832732,11143557.0707687
SOL,2020-08-07,2.20316566041,1.88557243849,2.20316566041,2.08590263527,8068101.90171604
SOL,2020-08-08,2.56958976667,2.02653817064,2.08388935271,2.47362485486,10919229.1805999
SOL,2020-08-09,2.70682280561,2.30250117749,2.47155579121,2.6652275038,12107836.8570546
SOL,2020-08-10,3.397928851,2.52589777885,2.6652275038,3.13179330211,22863250.6335323
SOL,2020-08-11,3.48653462219,2.75363392525,3.13104235382,3.30341929739,36356155.1835573
SOL,2020-08-12,3.91616784116,3.10397862294,3.30795784774,3.76975091301,28461706.5886889
SOL,2020-08-13,4.1558137393,3.52851962847,3.77070310945,3.75597115712,28236179.4181239
SOL,2020-08-14,3.78999667412,3.33265431728,3.76016794504,3.40938766083,18427949.9772839
SOL,2020-08-15,3.71994464361,3.16546459239,3.41255512992,3.18379488714,13155762.3719706
SOL,2020-08-16,3.47068758818,3.13868790105,3.18540600494,3.38565277366,10395312.8169568
SOL,2020-08-17,3.38599860266,3.08798536904,3.38565277366,3.09860770861,10723918.7652425
SOL,2020-08-18,3.70991071576,2.89441385094,3.10446912318,3.32997591802,30350144.9435501
SOL,2020-08-19,3.48386321098,2.83810835571,3.32869596266,2.89904061061,14838388.9157821
SOL,2020-08-20,3.43184301093,2.896235885,2.89904061061,3.20826704334,13756478.1507016
SOL,2020-08-21,3.22328959908,2.91377102658,3.20971758522,2.94366836633,11796735.6331521
SOL,2020-08-22,3.19486521065,2.7573269666,2.94530774528,3.02088644284,10296804.8195696
SOL,2020-08-23,3.40341502232,3.01883810532,3.02086332122,3.32243106353,11991402.1639282
SOL,2020-08-24,3.60753946366,3.22443067131,3.31222151588,3.34498605269,15785207.7166973
SOL,2020-08-25,3.35824746517,3.02771940496,3.34966390621,3.26484998089,13444308.062981
SOL,2020-08-26,3.79532359202,3.19431082142,3.26604124854,3.55837531339,22147431.4936826
SOL,2020-08-27,3.85470595952,3.29221387961,3.55784428623,3.44506033395,21031356.3229519
SOL,2020-08-28,4.30959279879,3.44728103835,3.4524946514,4.0113925268,27212887.5047479
SOL,2020-08-29,4.10524133898,3.78711222485,4.01421628197,3.96880938889,14585964.4266973
SOL,2020-08-30,4.70500522426,3.91913232587,3.97001094302,4.43582255875,22220238.7965161
SOL,2020-08-31,4.87294089972,4.10968130689,4.42167882268,4.78204551788,20950150.2193332
SOL,2020-09-01,4.94473085292,4.34451591286,4.78105021385,4.34451591286,16944926.9392703
SOL,2020-09-02,4.35593945918,3.70516399342,4.35269338969,4.16447184085,23655802.3133022
SOL,2020-09-03,4.44081444343,3.52733985495,4.16877247977,3.52733985495,26473633.5627635
SOL,2020-09-04,3.8341037395,3.19889427854,3.52339002786,3.54579448415,17729340.0425555
SOL,2020-09-05,3.66024449385,2.19167495625,3.55098445512,2.59791636472,25062204.6506355
SOL,2020-09-06,3.17563730765,2.2881912589,2.60031677575,3.08604269295,20375889.8797486
SOL,2020-09-07,3.18956012293,2.39149275595,3.0860842934,2.9285280901,17135013.476324
SOL,2020-09-08,2.93973633456,2.3986406226,2.92762922888,2.4689767582,10163724.6032389
SOL,2020-09-09,3.7517156829,2.38980609128,2.4711781185,3.63637779652,52354542.078401
SOL,2020-09-10,3.85130856175,3.32080890274,3.63637779652,3.4698368119,31177874.7930509
SOL,2020-09-11,3.50101275227,3.04017104346,3.46733540035,3.42742826316,17090627.4630998
SOL,2020-09-12,3.46705217225,3.15072681683,3.41910199191,3.3326599913,10368518.3648969
SOL,2020-09-13,3.46678153125,3.00540169314,3.33638058136,3.22583906019,15316353.1818696
SOL,2020-09-14,3.52493434102,3.09417405128,3.23152551803,3.26913320415,21301450.1011828
SOL,2020-09-15,3.32006712451,2.91847262402,3.26913320415,2.93912067127,11992537.7843944
SOL,2020-09-16,2.93930742973,2.4538387192,2.93930742973,2.54539877265,24199803.5835456
SOL,2020-09-17,2.9341024459,2.37003381923,2.54539877265,2.89187378323,23792219.5131179
SOL,2020-09-18,3.15931656498,2.7416758717,2.89187378323,3.10794006412,23510207.0958752
SOL,2020-09-19,3.2534204148,2.97170380689,3.11174686384,3.02889117957,10763972.5896187
SOL,2020-09-20,3.03287674998,2.72013813681,3.03102848284,2.8709033938,9217295.41412604
SOL,2020-09-21,3.02693974774,2.50041930346,2.8709033938,2.78250941483,19492893.6246122
SOL,2020-09-22,2.9943702542,2.66860271189,2.77368774047,2.915519109,18556523.3857526
SOL,2020-09-23,3.06533837,2.74630293,2.93035489,2.83675707,16096650.33028028
SOL,2020-09-24,3.25156306,2.79564658,2.8381205,3.13271463,18993325.64791849
SOL,2020-09-25,3.2651654,2.91177164,3.14554425,3.18861239,15935143.49283597
SOL,2020-09-26,3.20390555,3.04126653,3.18803034,3.13470267,11018474.88090908
SOL,2020-09-27,3.17349913,3.01055105,3.13383751,3.15294678,9734367.88069845
SOL,2020-09-28,3.20419115,2.93595445,3.15270485,2.95667817,10950200.85069037
SOL,2020-09-29,3.01009535,2.9017903,2.95836068,2.94643322,8821253.14791489
SOL,2020-09-30,2.97934849,2.83566951,2.94907405,2.89787636,7767702.10929252
SOL,2020-10-01,2.98583389,2.65739801,2.89816187,2.86102773,10825966.25721191
SOL,2020-10-02,2.87663497,2.45779116,2.86419729,2.62608296,15856538.99496961
SOL,2020-10-03,2.66949457,2.5473028,2.62733511,2.5473028,6155890.57867446
SOL,2020-10-04,2.58803611,2.42888892,2.54301234,2.51599459,7075729.47763526
SOL,2020-10-05,2.66262353,2.46732033,2.5191348,2.65764391,8105684.0286038
SOL,2020-10-06,2.65519989,2.14769193,2.65519989,2.17625031,9739070.719841
SOL,2020-10-07,2.39193728,2.09576005,2.17580888,2.29179581,11759752.04495923
SOL,2020-10-08,2.43061025,2.02852581,2.29998163,2.36522028,14931921.70481354
SOL,2020-10-09,2.62526821,2.31709043,2.36774234,2.53985887,12002959.23561284
SOL,2020-10-10,2.59409546,2.40317166,2.53693313,2.40608988,8842883.98002147
SOL,2020-10-11,2.45756612,2.34492143,2.40736736,2.42657824,7170646.66388414
SOL,2020-10-12,2.69863904,2.41586194,2.42611451,2.58707246,12289968.79120837
SOL,2020-10-13,2.58489141,2.34817094,2.58489141,2.40491019,11415736.61057108
SOL,2020-10-14,2.4366138,2.24625651,2.40819629,2.31463525,9436238.75624435
SOL,2020-10-15,2.33579578,2.20341796,2.31480004,2.26643616,8332482.58866874
SOL,2020-10-16,2.2656708,2.12792144,2.26520031,2.1493861,13637728.05365193
SOL,2020-10-17,2.23830479,2.13240858,2.14563569,2.20184324,6612611.78386479
SOL,2020-10-18,2.24884625,2.17832695,2.20274967,2.21426738,6294162.16574452
SOL,2020-10-19,2.21351195,2.05321062,2.21337207,2.05807954,8248860.30237032
SOL,2020-10-20,2.09786117,1.85415368,2.05810177,1.88867176,13129043.07033953
SOL,2020-10-21,2.06620621,1.86123476,1.88861172,1.89037825,19275509.45257168
SOL,2020-10-22,2.08243359,1.88981692,1.89037216,1.95565252,11445662.79336236
SOL,2020-10-23,1.98477147,1.8533095,1.95706771,1.96003515,11497444.71334744
SOL,2020-10-24,1.96165021,1.88234354,1.96003515,1.91182801,7581827.29356544
SOL,2020-10-25,1.92294152,1.76864379,1.91182801,1.78745942,9092333.67184322
SOL,2020-10-26,1.86298989,1.62936547,1.78745942,1.68546625,13396735.95349503
SOL,2020-10-27,1.74540288,1.60528662,1.68546624,1.71023239,14384427.42623876
SOL,2020-10-28,1.71902702,1.39457221,1.71023239,1.49005343,17089719.31755684
SOL,2020-10-29,1.56689179,1.41242636,1.49005346,1.42893639,8024137.80398694
SOL,2020-10-30,1.46731855,1.34221311,1.42893639,1.44133589,8528335.71424465
SOL,2020-10-31,1.54932692,1.4298941,1.44133589,1.54069959,6449388.39066769
SOL,2020-11-01,1.63790251,1.5135429,1.54069959,1.5998403,6877556.68110791
SOL,2020-11-02,1.63017961,1.46769542,1.5998403,1.47407225,6366346.26428922
SOL,2020-11-03,1.48050074,1.41218556,1.47407225,1.41223396,6536977.27806969
SOL,2020-11-04,1.41289802,1.28186754,1.41223396,1.39225494,11406316.03373677
SOL,2020-11-05,1.48617047,1.30382463,1.39225494,1.40521805,8924131.52401733
SOL,2020-11-06,1.94070665,1.4000105,1.40521805,1.91374,22547497.1265051
SOL,2020-11-07,2.48136883,1.8448312,1.91374,2.03196386,51426099.67867579
SOL,2020-11-08,2.26477908,1.97440202,2.03196386,2.15659813,25931043.04138239
SOL,2020-11-09,2.18931332,1.95875292,2.15659813,2.02865216,18210625.97270338
SOL,2020-11-10,2.30798752,2.01232067,2.02865214,2.247987,16170833.13282796
SOL,2020-11-11,2.28414065,1.97416514,2.24798704,2.0021245,13877948.92652378
SOL,2020-11-12,2.05029785,1.83172821,2.0021245,1.89913759,11506047.76935046
SOL,2020-11-13,2.06111583,1.89913758,1.89913758,2.02079216,11621743.54314562
SOL,2020-11-14,2.03349056,1.8752786,2.02079216,1.91701557,8134592.54731619
SOL,2020-11-15,2.20905889,1.91684762,1.91701557,2.04323394,18621333.34008639
SOL,2020-11-16,2.36021108,1.99485284,2.04323394,2.25535545,22156135.17364347
SOL,2020-11-17,2.31818626,2.13258981,2.28108028,2.20218147,17074174.95712231
SOL,2020-11-18,2.20592249,2.01269296,2.20218147,2.11502872,14629648.08989412
SOL,2020-11-19,2.17502241,2.01816579,2.11502868,2.07676865,10155987.37439732
SOL,2020-11-20,2.23039141,2.05697179,2.07676865,2.09539164,11113989.73661238
SOL,2020-11-21,2.49882755,2.04852394,2.09539164,2.38220531,20288343.21897211
SOL,2020-11-22,2.40382123,2.05393793,2.38220531,2.14484477,16416064.59893532
SOL,2020-11-23,2.3515985,2.12031471,2.14484476,2.27637688,15487339.47782299
SOL,2020-11-24,2.46638443,2.14379452,2.27724054,2.26796698,25036626.13313538
SOL,2020-11-25,2.47758651,2.18277698,2.26948514,2.27003407,24870950.92877138
SOL,2020-11-26,2.29170177,1.74149279,2.26653371,1.90303693,33038222.89347182
SOL,2020-11-27,1.97065316,1.78036344,1.90333468,1.85794881,13307808.36500391
SOL,2020-11-28,1.93971542,1.81071037,1.85982503,1.88893452,11661882.95615155
SOL,2020-11-29,1.94388507,1.85722661,1.8879127,1.9151547,6139511.34519798
SOL,2020-11-30,2.01359128,1.91193024,1.91514202,1.96689116,8716571.16727617
SOL,2020-12-01,2.13034079,1.93226448,1.96832128,1.97630826,12847022.37823892
SOL,2020-12-02,2.18743712,1.95669982,1.97726604,2.11540134,15849828.20530223
SOL,2020-12-03,2.22130954,2.08502961,2.11711685,2.10037052,18106121.72298748
SOL,2020-12-04,2.1120709,1.84734502,2.09860247,1.85595318,9019864.15038828
SOL,2020-12-05,1.98072151,1.82549378,1.85596843,1.9787738,7750781.04480337
SOL,2020-12-06,1.98389847,1.81585445,1.97865844,1.85424895,7167229.51269223
SOL,2020-12-07,1.89568762,1.80948486,1.8534511,1.83117262,6425070.48803734
SOL,2020-12-08,1.83158113,1.64510584,1.83122209,1.66535169,11304051.0777088
SOL,2020-12-09,1.67427719,1.50367604,1.66462243,1.6623035,10461119.21820986
SOL,2020-12-10,1.66513513,1.54524047,1.66241416,1.57415052,6167983.16893835
SOL,2020-12-11,1.57670934,1.44060217,1.57236639,1.44458505,8273918.34951755
SOL,2020-12-12,1.53742939,1.44070645,1.44158958,1.4909121,7085230.83583667
SOL,2020-12-13,1.64291571,1.45811848,1.4907147,1.56545586,8389349.11124252
SOL,2020-12-14,1.62286872,1.52369835,1.56796842,1.5916455,8672051.95648215
SOL,2020-12-15,1.79941298,1.58926257,1.59103004,1.76067126,19470079.53119814
SOL,2020-12-16,1.78758439,1.61001834,1.76009215,1.78359783,18277631.04446976
SOL,2020-12-17,1.80312043,1.65521696,1.78389234,1.67863414,15461476.78402026
SOL,2020-12-18,1.70632716,1.63698718,1.67902372,1.69879993,7879396.90612472
SOL,2020-12-19,1.76425374,1.66426344,1.69926697,1.66865052,9095045.00474692
SOL,2020-12-20,1.68443034,1.52771357,1.67071446,1.56357617,9093229.49751807
SOL,2020-12-21,1.61832646,1.49515066,1.56377465,1.5419152,8333991.44150289
SOL,2020-12-22,1.57408037,1.47448471,1.53960926,1.49028596,11066564.74357854
SOL,2020-12-23,1.51058483,1.09016138,1.49022047,1.20569231,16776307.03794223
SOL,2020-12-24,1.38366788,1.17300697,1.20770464,1.3624084,9236938.50803516
SOL,2020-12-25,1.45292425,1.34723574,1.36149641,1.44540315,9359548.53228497
SOL,2020-12-26,1.44751724,1.31342435,1.44601353,1.3242381,6798656.31848622
SOL,2020-12-27,1.40874461,1.26825036,1.32507424,1.30304194,12286531.39847335
SOL,2020-12-28,1.51703752,1.29434876,1.30399327,1.5156849,12668149.81727901
SOL,2020-12-29,1.72758155,1.43971994,1.51546171,1.67434488,26355258.83179235
SOL,2020-12-30,1.68079114,1.52983347,1.66969419,1.53545722,12663615.73809283
SOL,2020-12-31,1.5506101,1.430263,1.53560627,1.51089796,12763259.56854011
SOL,2021-01-01,1.8596563,1.50203819,1.50977505,1.84208404,25722549.3360078
SOL,2021-01-02,1.98929513,1.72148226,1.84558571,1.79927479,31671063.53777906
SOL,2021-01-03,2.36498131,1.79990169,1.79990169,2.16175192,55073422.17629275
SOL,2021-01-04,2.48509738,1.87634191,2.16241208,2.48509738,59955404.84149402
SOL,2021-01-05,2.5026164,2.07774168,2.49098205,2.15721704,50555207.03513643
SOL,2021-01-06,2.18589242,1.90758532,2.15962593,1.92921661,50263975.12932488
SOL,2021-01-07,2.61183107,1.93304323,1.93658582,2.37274497,159870278.0790676
SOL,2021-01-08,3.77931969,2.18092864,2.36873958,3.21988746,206412154.2447589
SOL,2021-01-09,3.66278779,2.93830706,3.22354051,3.38538175,91906875.463772
SOL,2021-01-10,3.73355136,3.19623456,3.39002648,3.46611077,62766977.35528041
SOL,2021-01-11,3.5135707,2.59712418,3.46106454,3.10808978,82877500.0255444
SOL,2021-01-12,3.84441586,3.08003501,3.10368771,3.61339822,73484689.24275579
SOL,2021-01-13,3.62882465,3.2749211,3.62838265,3.51378151,57994892.73472413
SOL,2021-01-14,3.54286624,3.18197394,3.51603553,3.27816427,59283112.21846475
SOL,2021-01-15,3.4359218,2.9851908,3.28039932,3.25016139,45331738.74819012
SOL,2021-01-16,3.70323219,3.24893408,3.24893408,3.44705468,68035606.39281899
SOL,2021-01-17,3.96537224,3.31974552,3.43486962,3.8181391,85407766.18917261
SOL,2021-01-18,4.14791988,3.65576095,3.82213112,3.79551495,70601712.76708774
SOL,2021-01-19,4.03144938,3.60902285,3.79204335,3.64186566,44547767.96672326
SOL,2021-01-20,3.73700272,3.34408399,3.63557521,3.72357809,46698656.44529995
SOL,2021-01-21,3.73432626,2.98269599,3.72166979,2.9905359,43834764.53989141
SOL,2021-01-22,3.49714626,2.5409861,2.98991993,3.34622852,63361382.17557853
SOL,2021-01-23,3.59730162,3.31576248,3.34103533,3.50411155,27904470.4262182
SOL,2021-01-24,3.79304897,3.48949442,3.50710975,3.63441116,32747555.29721828
SOL,2021-01-25,3.97435677,3.45130995,3.63464538,3.69998081,80055958.4917865
SOL,2021-01-26,4.09691637,3.68263202,3.69895927,4.04734996,78823455.81544667
SOL,2021-01-27,4.04863024,3.53160203,4.04863024,3.69058715,35195110.46414343
SOL,2021-01-28,3.9434911,3.60988056,3.68637,3.82207194,31410526.72
SOL,2021-01-29,3.89260163,3.63938585,3.86158092,3.83467598,44053151.39
SOL,2021-01-30,4.31197598,3.77410389,3.83768176,4.22427558,53378197.61
SOL,2021-01-31,4.78701008,4.17049821,4.23731385,4.26414404,78376266.82
SOL,2021-02-01,4.61160184,4.11825506,4.26125135,4.61160184,39361628.64
SOL,2021-02-02,5.40364154,4.48011942,4.6137412,5.2675076,98755961.8
SOL,2021-02-03,5.78078094,5.07273844,5.24659151,5.71598986,49386326.92
SOL,2021-02-04,6.53101104,5.60323641,5.7317481,6.42606479,108249481.51
SOL,2021-02-05,7.12711657,6.42644747,6.43536976,6.6817203,92892157.08
SOL,2021-02-06,6.79913067,5.71382828,6.68730089,6.11080668,102365493.54
SOL,2021-02-07,6.87151352,5.76859219,6.11764462,6.70046276,105451102.52
SOL,2021-02-08,8.05593329,6.4889284,6.70244728,7.8832496,155254260.78
SOL,2021-02-09,8.46778443,7.57021459,7.8697953,7.81679279,121037872.69
SOL,2021-02-10,9.07260413,7.61384712,7.8185524,9.07221406,120679901.64
SOL,2021-02-11,9.70700402,8.76131606,9.08035651,9.21535212,53600047.53
SOL,2021-02-12,9.92445233,9.07901215,9.21479001,9.24701198,91484663.66
SOL,2021-02-13,9.49903879,8.68300856,9.23603303,8.73245491,91417967.69
SOL,2021-02-14,9.2203002,8.5597149,8.74298943,8.73889575,93500422.71
SOL,2021-02-15,9.31063831,7.84047064,8.72426582,8.8617388,109854634.59
SOL,2021-02-16,8.98036803,7.98355724,8.86074792,8.29786719,71625204.52
SOL,2021-02-17,8.43329825,7.54439928,8.29868913,8.22257719,89948577.67
SOL,2021-02-18,9.27917537,8.23287085,8.23287085,8.98045215,77306770.4
SOL,2021-02-19,11.68057695,8.5569807,8.97997007,11.46565287,261175710.73
SOL,2021-02-20,11.78673714,9.81585439,11.47808705,10.00266398,140264809.98
SOL,2021-02-21,11.64028854,9.88704665,9.98755024,11.08551283,137742366.13
SOL,2021-02-22,14.5456406,9.25590402,11.07303597,14.45478487,574136240.77
SOL,2021-02-23,15.74337116,11.59989436,14.42162567,15.20153822,485252846.29
SOL,2021-02-24,18.14662172,14.86179947,15.2138421,17.30270709,375439706.61
SOL,2021-02-25,17.69544462,13.79591349,17.23018337,13.81601413,364505275.74
SOL,2021-02-26,15.48370533,13.12014142,13.86589069,13.58794089,289687328.45
SOL,2021-02-27,14.6120646,13.0572728,13.60157446,13.20116764,247640939.78
SOL,2021-02-28,13.77901631,11.48998276,13.20776666,13.08924694,300493226.01
SOL,2021-03-01,15.51605721,13.05738542,13.10843535,14.95558764,306451693.03
SOL,2021-03-02,15.22412493,13.46074941,14.96684488,13.95892139,178549851.5
SOL,2021-03-03,14.72935857,13.76704854,13.96353988,14.11559058,153830742.14
SOL,2021-03-04,14.26036093,12.77126993,14.09486709,13.09798332,116364465.82
SOL,2021-03-05,13.07986249,12.18460827,13.06630579,12.61044281,90978408.01
SOL,2021-03-06,13.27048096,11.90122772,12.56993741,13.03645795,118851546.1
SOL,2021-03-07,13.99690288,12.72638542,13.04392705,13.87773227,117548176.21
SOL,2021-03-08,13.87082582,13.08228903,13.8268153,13.60218776,115525658.69
SOL,2021-03-09,14.98644427,13.32018701,13.61529099,14.84631098,134867043.68
SOL,2021-03-10,15.18793776,14.07906427,14.85092886,14.23108356,103150900.84
SOL,2021-03-11,16.23939925,13.70422614,14.21983747,15.99227934,229272515.6
SOL,2021-03-12,16.48579592,14.11122934,16.02091887,14.552142,185287456.96
SOL,2021-03-13,15.39439844,13.92005572,14.56380277,15.30880274,145102757.4
SOL,2021-03-14,15.34983211,14.37876449,15.30158118,14.50826599,90232803.5
SOL,2021-03-15,14.79047269,13.69805655,14.47712718,14.18666194,102600691.55
SOL,2021-03-16,14.28289603,13.229815,14.16391157,13.62277289,112303590.08
SOL,2021-03-17,14.26679703,13.13052874,13.634964,14.22020281,94696338.79
SOL,2021-03-18,14.74547686,13.82728428,14.21067697,14.23002516,79074262.62
SOL,2021-03-19,14.48821877,13.93245789,14.23265017,14.20479642,68715211.03
SOL,2021-03-20,14.97821822,14.15204483,14.19582599,14.21198148,68049682.97
SOL,2021-03-21,14.36572264,13.66825372,14.21832785,14.33220593,64229338.03
SOL,2021-03-22,16.59987282,14.20288587,14.35027814,14.91929305,260995136.25
SOL,2021-03-23,15.2437087,14.09705679,14.84861937,14.20483076,106780661.98
SOL,2021-03-24,15.37143084,13.66129764,14.19039605,13.66129764,118813690.26
SOL,2021-03-25,13.70525009,12.61472537,13.65058628,13.02508469,116277942.87
SOL,2021-03-26,14.80429436,12.37045803,13.01952768,14.77942113,149987319.22
SOL,2021-03-27,16.80416436,14.75804617,14.78624602,16.50832188,223872586.73
SOL,2021-03-28,19.38600611,16.34500899,16.47942327,18.01623371,426120062.11
SOL,2021-03-29,18.98784228,17.70036375,18.08330268,18.85480803,216748600.52
SOL,2021-03-30,20.86947517,18.89140274,18.89140274,19.2339251,264028426.63
SOL,2021-03-31,19.79580246,18.15625631,19.10168383,19.46522941,206011017.73
SOL,2021-04-01,20.3615394,18.84424514,19.41568124,19.08490113,173731885.57
SOL,2021-04-02,19.82457274,18.568419,19.08463141,19.81022269,131061659.84
SOL,2021-04-03,23.827189,19.78944967,19.79645158,22.55227712,483057739.57
SOL,2021-04-04,25.56953325,22.21296864,22.52737075,24.06132316,426557980.35
SOL,2021-04-05,24.7776371,22.80645173,23.92883933,22.98428282,264085329.41
SOL,2021-04-06,25.34652466,21.87661417,22.97784134,24.95714641,320886934.82
SOL,2021-04-07,27.48761542,23.08935918,25.14556002,26.47807994,676846221.32
SOL,2021-04-08,27.97001131,25.72493627,26.51459375,27.03398715,377988327.49
SOL,2021-04-09,29.01473425,26.90382587,26.98580398,27.77827443,282477938.07
SOL,2021-04-10,28.25796994,25.96322662,27.64971179,26.84140371,270235257.75
SOL,2021-04-11,28.68722768,25.57831877,26.80805019,27.9318899,232938762.18
SOL,2021-04-12,29.86230248,26.84274156,27.91836766,28.51212449,308804545.9
SOL,2021-04-13,28.79794156,26.41760298,28.54101244,27.43555345,258183912.26
SOL,2021-04-14,27.48269178,24.79202053,27.4000051,26.47511075,342565805.3
SOL,2021-04-15,28.24940016,25.53941458,26.43684327,27.81831384,221346738.91
SOL,2021-04-16,28.22687963,24.97291816,27.82032255,25.39736605,240665351.49
SOL,2021-04-17,26.81976653,25.09987446,25.36920612,25.09987446,201720375.63
SOL,2021-04-18,32.90256908,21.5392092,25.13550181,32.30291905,1155150688.03
SOL,2021-04-19,36.08025911,29.92590848,32.33952237,31.67589453,1219130981.38
SOL,2021-04-20,32.69721814,28.93257221,31.4762886,31.77005352,793008154.45
SOL,2021-04-21,35.00430246,30.1674914,31.68153748,32.5130438,729130140.56
SOL,2021-04-22,40.97186247,31.60069045,32.68343072,38.87975927,1638622970.85
SOL,2021-04-23,41.46325941,31.66427002,38.89918232,36.97842065,1612232268.31
SOL,2021-04-24,43.53222132,34.68329376,37.25749642,40.73731561,1101380795.06
SOL,2021-04-25,48.43426663,40.51201668,40.84547073,47.3676269,1583800799.69
SOL,2021-04-26,48.31078375,43.37172735,47.54185509,43.97651543,1357487872.14
SOL,2021-04-27,46.54860972,42.55732682,43.89356993,43.2390029,904891996.11
SOL,2021-04-28,46.91656515,40.67207182,43.16144021,44.82598502,1021154320.38
SOL,2021-04-29,46.07149061,40.95098379,44.84995016,42.46054046,772259306.98
SOL,2021-04-30,44.27015223,41.24350335,42.5000457,42.95600088,534976437.19
SOL,2021-05-01,49.84457903,42.03086492,42.8933369,49.50802136,859524422.56
SOL,2021-05-02,49.89667224,45.98182211,49.50080424,46.89098709,571072187.45
SOL,2021-05-03,49.00945447,45.04447696,46.90397832,45.93368941,609194251.88
SOL,2021-05-04,47.75715794,42.31310399,45.9833604,42.7295562,682976428.41
SOL,2021-05-05,45.9277921,42.31573602,42.63723596,44.92357516,503781974.7
SOL,2021-05-06,44.97405216,42.59158516,44.97405216,43.45567555,391497017.92
SOL,2021-05-07,46.05956397,41.43837305,43.50265476,43.15501855,514344600.94
SOL,2021-05-08,46.63902655,42.29801778,43.15206692,45.56153042,451056654.56
SOL,2021-05-09,47.1212139,43.29694489,45.61763117,44.33019564,510603311.56
SOL,2021-05-10,45.87750147,39.55884763,44.34209297,42.9096342,499528075.74
SOL,2021-05-11,45.15120191,39.76296959,42.87227262,44.57746773,473731332.64
SOL,2021-05-12,48.97903539,42.45731054,44.59152554,42.45731054,1151668075.96
SOL,2021-05-13,45.41709923,37.52689336,43.23508348,40.99785093,1016860656.29
SOL,2021-05-14,44.79143686,39.9860526,41.03451854,42.71786492,504167711.24
SOL,2021-05-15,45.39178963,39.3746057,42.69994585,43.46130814,500445721.9
SOL,2021-05-16,52.50135077,41.91549761,43.40169344,47.20082674,1990976771.49
SOL,2021-05-17,51.87603133,43.30291605,46.89802269,46.86320579,1951921365.76
SOL,2021-05-18,58.30292665,46.18755746,46.66041775,55.91096029,2025388218.69
SOL,2021-05-19,57.52577199,29.42985979,56.08925681,35.10718335,2772224998.89
SOL,2021-05-20,51.25844794,32.31814122,35.04304516,44.74274669,2487748626.09
SOL,2021-05-21,47.64559102,33.83739606,44.44725253,38.81285182,1769762028.27
SOL,2021-05-22,40.00957894,31.2548617,38.98837859,31.31558234,1078751750.8
SOL,2021-05-23,32.43626905,19.13983901,31.22576685,24.6887481,1925832341.42
SOL,2021-05-24,32.09444973,24.49832001,24.49832001,31.28357082,1346786022.77
SOL,2021-05-25,33.13012834,26.10007356,31.39634748,29.99707775,909470304.61
SOL,2021-05-26,37.23763519,29.00855511,30.04799113,35.53981588,1069991364.89
SOL,2021-05-27,35.52704866,31.12712917,35.48244751,33.58459127,649389057.89
SOL,2021-05-28,34.50250599,28.06714391,33.67552514,29.0392767,600255581.78
SOL,2021-05-29,30.02233806,25.75094018,29.00313033,27.37642132,376859866.34
SOL,2021-05-30,29.74925499,25.65029323,27.40831498,28.60265892,359661703.65
SOL,2021-05-31,32.9835909,27.52474505,28.60424137,32.81624582,534826504.42
SOL,2021-06-01,33.28991653,29.88017323,32.7708869,30.9852604,432053117.17
SOL,2021-06-02,35.03815395,30.43285658,30.93523785,33.95631637,497567417.82
SOL,2021-06-03,41.14537983,33.79223169,34.01871593,39.47090699,960056106.14
SOL,2021-06-04,39.60986377,34.31090061,39.58130434,37.41507138,1056279506.22
SOL,2021-06-05,42.82267205,37.09911074,37.41737934,39.58540119,1112426663.75
SOL,2021-06-06,43.37719402,38.96399696,39.74912492,42.30837824,794387364.26
SOL,2021-06-07,44.10055822,38.0908398,42.25367912,38.2623335,923157613.83
SOL,2021-06-08,42.47828958,33.6854604,38.25126869,41.51781354,1786996802.01
SOL,2021-06-09,43.9975669,39.36863503,41.27979305,42.03177788,1218831040.77
SOL,2021-06-10,43.00490804,39.59678412,42.02403536,41.09867281,595246689.49
SOL,2021-06-11,41.31248445,35.31117152,41.11015538,36.0460873,518666602.77
SOL,2021-06-12,37.61422297,34.31815742,36.1643526,36.44168945,549070417.12
SOL,2021-06-13,39.35997513,34.78298953,36.51470765,38.77043536,452988674.4
SOL,2021-06-14,40.47652225,36.81413418,38.70452013,38.71305293,477871462.95
SOL,2021-06-15,41.75867325,39.43581269,40.53583999,41.15364704,605285143.4
SOL,2021-06-16,41.49630734,37.50349898,39.54534903,39.70361677,576016901.76
SOL,2021-06-17,41.23743184,38.28608315,39.68927099,39.26459349,417775599.91
SOL,2021-06-18,39.4271292,35.00401695,39.26678549,36.64879726,424163368.82
SOL,2021-06-19,37.35458704,34.98160715,36.81910554,35.35343464,264640750.32
SOL,2021-06-20,35.92838763,31.36209393,35.23702572,35.32201165,452587531.23
SOL,2021-06-21,35.49761474,25.94907889,35.26143549,26.65740024,760344541.01
SOL,2021-06-22,28.71296813,20.38044415,26.59283132,26.77185571,1258580061.1
SOL,2021-06-23,32.77296182,25.69648454,26.91294172,30.04888728,1111302686.63
SOL,2021-06-24,32.9913104,28.54838485,30.84607842,31.18103477,641150364.16
SOL,2021-06-25,32.90251437,28.03508047,31.16853053,28.69886234,632052177.4
SOL,2021-06-26,30.00703599,26.71081442,28.60789755,29.7128554,560342710.32
SOL,2021-06-27,31.92939059,29.27119729,29.75264012,31.92939059,497353287.91
SOL,2021-06-28,34.243226,31.03512722,31.88082998,32.92778164,473612134.61
SOL,2021-06-29,35.78857772,32.72668303,33.00978597,33.86680149,471854279.1
SOL,2021-06-30,35.95472226,31.60135067,33.96297243,35.55640607,570984167.9
SOL,2021-07-01,35.53819144,32.38627423,35.50565339,33.40403357,474665320.76
SOL,2021-07-02,34.03178588,31.47992402,33.30630993,34.02048201,440298779.57
SOL,2021-07-03,35.40477019,33.29847492,34.01557504,34.47881569,327019963.78
SOL,2021-07-04,35.50237168,33.55573709,34.49511721,34.31060133,303420519.91
SOL,2021-07-05,34.46182386,32.48269155,34.28255049,32.98458751,313839322.49
SOL,2021-07-06,34.97831874,32.93030657,32.93030657,34.26913971,365336040.07
